0,nospec_no_specifier_test,1621964674,0
1,nospec_empty_string,1621964674,0
2,nospec_some_escaped_chars,1621964674,0
3,nospec_successive_5_5,1621964674,0
4,nospec_successive_2_9,1621964674,0
5,nospec_successive_8_3,1621964674,0
6,pct_basic,1621964674,1621589006
7,pct_5w,1621964674,1621589006
8,pct_5wlj,1621964674,1621589006
9,pct_5wzp,1621964674,1621589006
10,pct_5wljzp,1621964674,1621589006
16,c_allprintable_combined,1621964674,0
17,c_1_31_combined,1621964674,0
18,c_128_255_combined,1621964674,0
19,c_allprintable_width,1621964674,0
20,c_1_31_width,1621964674,0
21,c_128_255_width,1621964674,0
22,c_allprintable_width_lj,1621964674,0
23,c_1_31_width_lj,1621964674,0
24,c_128_255_width_lj,1621964674,0
25,c_nullterm_basic,1621964674,0
26,c_nullterm_5w,1621964674,0
27,c_nullterm_5wlj,1621964674,0
28,s_basic_string_expansion,1621964674,1621786857
29,s_only_string_expansion,1621964674,1621786857
30,s_two_string_expansions,1621964674,1621786857
31,s_two_string_expansions2,1621964674,1621786857
32,s_empty_string_expansion,1621964674,0
33,s_full_then_empty_string,1621964674,1621786857
34,s_empty_then_full_string,1621964674,1621786857
35,s_three_strings,1621964674,1621786857
36,s_space_padded_field_width,1621964674,1621786857
37,s_space_padded_field_width2,1621964674,1621786857
38,s_space_padded_over_field_width,1621964674,1621786857
39,s_space_padded_field_width_lj,1621964674,1621786857
40,s_space_padded_field_width2_lj,1621964674,1621786857
41,s_space_padded_over_field_width_lj,1621964674,1621786857
42,s_string_prec_notrunc,1621964674,1621786857
43,s_string_prec_trunc,1621964674,1621786857
44,s_string_prec_default,1621964674,1621785109
45,s_string_prec_zero,1621964674,1621784965
46,s_two_strings_prec_2trunc,1621964674,1621786857
47,s_two_strings_prec_1trunc_a,1621964674,1621786857
48,s_two_strings_prec_1trunc_b,1621964674,1621786857
49,s_two_strings_prec_0trunc,1621964674,1621786857
50,s_string_prec_width_notrunc,1621964674,1621786857
51,s_string_prec_width_trunc,1621964674,1621786857
52,s_string_prec_width_notrunc_lj,1621964674,1621786857
53,s_string_prec_width_trunc_lj,1621964674,1621786857
54,s_two_s_prec_width_2fit_0trunc,1621964674,1621786857
55,s_two_s_prec_width_1fit_a_0trunc,1621964674,1621786857
56,s_two_s_prec_width_1fit_b_0trunc,1621964674,1621786857
57,s_two_s_prec_width_0fit_0trunc,1621964674,1621786857
58,s_two_s_prec_width_2fit_1trunc_a,1621964674,1621786857
59,s_two_s_prec_width_1fit_a_1trunc_a,1621964674,1621786857
60,s_two_s_prec_width_1fit_b_1trunc_a,1621964674,1621786857
61,s_two_s_prec_width_0fit_1trunc_a,1621964674,1621786857
62,s_two_s_prec_width_2fit_1trunc_b,1621964674,1621786857
63,s_two_s_prec_width_1fit_a_1trunc_b,1621964674,1621786857
64,s_two_s_prec_width_1fit_b_1trunc_b,1621964674,1621786857
65,s_two_s_prec_width_0fit_1trunc_b,1621964674,1621786857
66,s_two_s_prec_width_2fit_2trunc,1621964674,1621786857
67,s_two_s_prec_width_1fit_a_2trunc,1621964674,1621786857
68,s_two_s_prec_width_1fit_b_2trunc,1621964674,1621786857
69,s_two_s_prec_width_0fit_2trunc,1621964674,1621786857
70,s_two_s_prec_width_2trunc,1621964674,1621786857
71,s_two_strings_lj_and_rj,1621964674,1621786857
72,s_two_strings_rj_and_lj,1621964674,1621786857
73,s_null_basic_string_expansion,1621964674,1621963929
74,s_null_only_string_expansion,1621964674,1621963929
75,s_null_space_padded_field_width,1621964674,1621963929
76,s_null_space_padded_over_field_width,1621964674,1621963929
77,s_null_space_padded_field_width_lj,1621964674,1621963929
78,s_null_space_padded_field_width2_lj,1621964674,1621963929
79,s_null_space_padded_over_field_width_lj,1621964674,1621963929
80,s_null_string_prec_notrunc,1621964674,1621786857
81,s_null_string_prec_trunc,1621964674,1621786857
82,s_null_string_prec_default,1621964674,1621785109
83,s_null_string_prec_zero,1621964674,1621784965
84,s_basic_s_hidden,1621964674,1621786857
85,s_width_3_s_hidden,1621964674,1621786857
86,s_width_9_s_hidden,1621964674,1621786857
87,s_prec_no_width_s_hidden,1621964674,1621785109
88,s_prec_9_no_width_s_hidden,1621964674,1621786857
89,s_prec_03_no_width_s_hidden,1621964674,1621786857
90,s_prec_09_no_width_s_hidden,1621964674,1621786857
91,s_prec_03_no_width_s_null,1621964674,1621962656
92,s_prec_09_no_width_s_null,1621964674,1621962957
93,s_prec_00_no_width_s_nullchar,1621964674,1621526591
94,s_prec_01_no_width_s_nullchar,1621964674,1621586210
95,s_prec_03_no_width_s_nullchar,1621964674,1621586210
96,s_prec_09_no_width_s_nullchar,1621964674,1621586210
97,s_prec_0_width_3_s_hidden,1621964674,1621786857
98,s_prec_0_width_10_s_hidden,1621964674,1621786857
99,s_prec_0_width_3_s_null,1621964674,1621786857
100,s_prec_0_width_10_s_null,1621964674,1621786857
101,s_prec_0_width_1_s_nullchar,1621964674,1621786857
102,s_prec_0_width_2_s_nullchar,1621964674,1621786857
103,s_prec_0_width_9_s_nullchar,1621964674,1621786857
104,s_prec_0_lj_width_3_s_hidden,1621964674,1621786857
105,s_prec_0_lj_width_8_s_hidden,1621964674,1621786857
106,s_prec_0_lj_width_3_s_null,1621964674,1621786857
107,s_prec_0_lj_width_8_s_null,1621964674,1621786857
108,s_prec_0_lj_width_1_s_nullchar,1621964674,1621786857
109,s_prec_0_lj_width_2_s_nullchar,1621964674,1621786857
110,s_prec_0_lj_width_6_s_nullchar,1621964674,1621786857
111,s_prec_1_width_3_s_hidden,1621964674,1621786857
112,s_prec_1_width_10_s_hidden,1621964674,1621786857
113,s_prec_1_width_3_s_null,1621964674,1621962656
114,s_prec_1_width_9_s_null,1621964674,1621962656
115,s_prec_1_lj_width_3_s_hidden,1621964674,1621786857
116,s_prec_1_lj_width_10_s_hidden,1621964674,1621786857
117,s_prec_1_lj_width_3_s_null,1621964674,1621962656
118,s_prec_1_lj_width_9_s_null,1621964674,1621962656
119,s_prec_1_lj_width_3_s_nullchar,1621964674,1621786857
120,s_prec_1_lj_width_6_s_nullchar,1621964674,1621786857
121,s_prec_perfect_width_3_s_hidden,1621964674,1621786857
122,s_prec_perfect_width_20_s_hidden,1621964674,1621786857
123,s_prec_perfect_width_3_s_null,1621964674,1621962957
124,s_prec_perfect_width_20_s_null,1621964674,1621962957
125,s_prec_perfect_width_3_s_nullchar,1621964674,1621786857
126,s_prec_perfect_width_6_s_nullchar,1621964674,1621786857
127,s_prec_perfect_lj_width_3_s_hidden,1621964674,1621786857
128,s_prec_perfect_lj_width_20_s_hidden,1621964674,1621786857
129,s_prec_8_lj_width_3_s_hidden,1621964674,1621786857
130,s_prec_8_lj_width_10_s_hidden,1621964674,1621786857
131,s_prec_8_lj_width_3_s_null,1621964674,1621962957
132,s_prec_8_lj_width_10_s_null,1621964674,1621962957
133,s_prec_00_lj_s_hidden_trunc,1621964674,1621784965
134,s_prec_09_lj_s_hidden_notrunc,1621964674,1621786857
173,p_null,1621964674,1621885226
178,p_ftfc_5w_throwswarning,1621964674,1621885226
179,p_basic,1621964674,1621887629
180,p_width_fit,1621964674,1621887629
181,p_width_nofit,1621964674,1621887629
182,p_width_16,1621964674,1621887629
183,p_width_8,1621964674,1621887629
184,p_width_32,1621964674,1621887629
185,p_width_fit_lj,1621964674,1621887629
186,p_width_nofit_lj,1621964674,1621887629
187,p_width_16_lj,1621964674,1621887629
188,p_width_8_lj,1621964674,1621887629
189,p_width_32_lj,1621964674,1621887629
190,d_basic_pos,1621964674,0
191,d_basic_neg,1621964674,0
192,d_basic_zero,1621964674,0
193,d_basic_onlypos,1621964674,0
194,d_basic_onlyneg,1621964674,0
195,d_basic_onlyzero,1621964674,0
196,d_intmax,1621964674,0
197,d_intmin,1621964674,0
198,d_width_pos_fits,1621964674,0
199,d_width_neg_fits,1621964674,0
200,d_width_zero_fits,1621964674,0
201,d_width_pos_exactfit,1621964674,0
202,d_width_neg_exactfit,1621964674,0
203,d_width_pos_nofit,1621964674,0
204,d_width_neg_nofit,1621964674,0
205,d_width_pos_fits_lj,1621964674,0
206,d_width_neg_fits_lj,1621964674,0
207,d_width_zero_fits_lj,1621964674,0
208,d_width_pos_exactfit_lj,1621964674,0
209,d_width_neg_exactfit_lj,1621964674,0
210,d_width_pos_nofit_lj,1621964674,0
211,d_width_neg_nofit_lj,1621964674,0
212,d_prec_fits_pos,1621964674,0
213,d_prec_fits_neg,1621964674,0
214,d_prec_fits_zero,1621964674,0
215,d_prec_exactfit_pos,1621964674,0
216,d_prec_exactfit_neg,1621964674,0
217,d_prec_nofit_pos,1621964674,0
218,d_prec_nofit_neg,1621964674,0
219,d_zp_pos_fits,1621964674,0
220,d_zp_neg_fits,1621964674,0
221,d_zp_zero_fits,1621964674,0
222,d_zp_pos_exactfit,1621964674,0
223,d_zp_neg_exactfit,1621964674,0
224,d_zp_neg_minus1fit,1621964674,0
225,d_prec_width_fit_fit_pos,1621964674,0
226,d_prec_width_fit_fit_neg,1621964674,0
227,d_prec_width_fit_fit_zero,1621964674,0
228,d_prec_width_nofit_fit_pos,1621964674,0
229,d_prec_width_nofit_fit_neg,1621964674,0
230,d_prec_width_fit_nofit_pos,1621964674,0
231,d_prec_width_fit_nofit_neg,1621964674,0
232,d_prec_width_nofit_nofit_pos,1621964674,0
233,d_prec_width_nofit_nofit_neg,1621964674,0
234,d_prec_width_fit_fit_pos_lj,1621964674,0
235,d_prec_width_fit_fit_neg_lj,1621964674,0
236,d_prec_width_fit_fit_zero_lj,1621964674,0
237,d_prec_width_nofit_fit_pos_lj,1621964674,0
238,d_prec_width_nofit_fit_neg_lj,1621964674,0
239,d_prec_width_fit_nofit_pos_lj,1621964674,0
240,d_prec_width_fit_nofit_neg_lj,1621964674,0
241,d_prec_width_nofit_nofit_pos_lj,1621964674,0
242,d_prec_width_nofit_nofit_neg_lj,1621964674,0
243,d_prec_width_ff_pos_zp,1621964674,0
244,d_prec_width_ff_neg_zp,1621964674,0
245,d_prec_width_ff_zero_zp,1621964674,0
246,d_prec_width_nf_pos_zp,1621964674,0
247,d_prec_width_nf_neg_zp,1621964674,0
248,d_prec_width_fn_pos_zp,1621964674,0
249,d_prec_width_fn_neg_zp,1621964674,0
250,d_prec_width_nn_pos_zp,1621964674,0
251,d_prec_width_nn_neg_zp,1621964674,0
252,d_prec_width_ff_pos_lj_zp_ignoreflag,1621964674,0
253,d_prec_width_ff_neg_ljzp_ignoreflag,1621964674,0
254,d_prec_width_ff_zero_ljzp_ignoreflag,1621964674,0
255,d_prec_width_nf_pos_ljzp_ignoreflag,1621964674,0
256,d_prec_width_nf_neg_ljzp_ignoreflag,1621964674,0
257,d_prec_width_fn_pos_ljzp_ignoreflag,1621964674,0
258,d_prec_width_fn_neg_ljzp_ignoreflag,1621964674,0
259,d_prec_width_nn_pos_ljzp_ignoreflag,1621964674,0
260,d_prec_width_nn_neg_ljzp_ignoreflag,1621964674,0
261,d_prec0val0_basic,1621964674,1621785959
262,d_prec0val0_implicit,1621964674,1621785959
263,d_prec0val0_w,1621964674,1621786889
264,d_prec0val0_w_impl,1621964674,1621786889
265,d_prec0val0_wlj,1621964674,1621787910
266,d_prec0val0_wlj_impl,1621964674,1621787910
267,i_basic_pos,1621964674,1621787614
268,i_basic_neg,1621964674,1621787614
269,i_basic_zero,1621964674,1621787614
270,i_basic_onlypos,1621964674,1621787614
271,i_basic_onlyneg,1621964674,1621787614
272,i_basic_onlyzero,1621964674,1621787614
273,i_intmax,1621964674,1621787614
274,i_intmin,1621964674,1621787614
275,i_width_pos_fits,1621964674,1621787614
276,i_width_neg_fits,1621964674,1621787614
277,i_width_zero_fits,1621964674,1621787614
278,i_width_pos_exactfit,1621964674,1621787614
279,i_width_neg_exactfit,1621964674,1621787614
280,i_width_pos_nofit,1621964674,1621787614
281,i_width_neg_nofit,1621964674,1621787614
282,i_width_pos_fits_lj,1621964674,1621787614
283,i_width_neg_fits_lj,1621964674,1621787614
284,i_width_zero_fits_lj,1621964674,1621787614
285,i_width_pos_exactfit_lj,1621964674,1621787614
286,i_width_neg_exactfit_lj,1621964674,1621787614
287,i_width_pos_nofit_lj,1621964674,1621787614
288,i_width_neg_nofit_lj,1621964674,1621787614
289,i_prec_fits_pos,1621964674,1621787614
290,i_prec_fits_neg,1621964674,1621787614
291,i_prec_fits_zero,1621964674,1621787614
292,i_prec_exactfit_pos,1621964674,1621787614
293,i_prec_exactfit_neg,1621964674,1621787614
294,i_prec_nofit_pos,1621964674,1621787614
295,i_prec_nofit_neg,1621964674,1621787614
296,i_zp_pos_fits,1621964674,1621787614
297,i_zp_neg_fits,1621964674,1621787614
298,i_zp_zero_fits,1621964674,1621787614
299,i_zp_pos_exactfit,1621964674,1621787614
300,i_zp_neg_exactfit,1621964674,1621787614
301,i_zp_neg_minus1fit,1621964674,1621787614
302,i_prec_width_fit_fit_pos,1621964674,1621787614
303,i_prec_width_fit_fit_neg,1621964674,1621787614
304,i_prec_width_fit_fit_zero,1621964674,1621787614
305,i_prec_width_nofit_fit_pos,1621964674,1621787614
306,i_prec_width_nofit_fit_neg,1621964674,1621787614
307,i_prec_width_fit_nofit_pos,1621964674,1621787614
308,i_prec_width_fit_nofit_neg,1621964674,1621787614
309,i_prec_width_nofit_nofit_pos,1621964674,1621787614
310,i_prec_width_nofit_nofit_neg,1621964674,1621787614
311,i_prec_width_fit_fit_pos_lj,1621964674,1621787614
312,i_prec_width_fit_fit_neg_lj,1621964674,1621787614
313,i_prec_width_fit_fit_zero_lj,1621964674,1621787614
314,i_prec_width_nofit_fit_pos_lj,1621964674,1621787614
315,i_prec_width_nofit_fit_neg_lj,1621964674,1621787614
316,i_prec_width_fit_nofit_pos_lj,1621964674,1621787614
317,i_prec_width_fit_nofit_neg_lj,1621964674,1621787614
318,i_prec_width_nofit_nofit_pos_lj,1621964674,1621787614
319,i_prec_width_nofit_nofit_neg_lj,1621964674,1621787614
320,i_prec_width_ff_pos_zp,1621964674,1621787614
321,i_prec_width_ff_neg_zp,1621964674,1621787614
322,i_prec_width_ff_zero_zp,1621964674,1621787614
323,i_prec_width_nf_pos_zp,1621964674,1621787614
324,i_prec_width_nf_neg_zp,1621964674,1621787614
325,i_prec_width_fn_pos_zp,1621964674,1621787614
326,i_prec_width_fn_neg_zp,1621964674,1621787614
327,i_prec_width_nn_pos_zp,1621964674,1621787614
328,i_prec_width_nn_neg_zp,1621964674,1621787614
329,i_prec_width_ff_pos_lj_zp_ignoreflag,1621964674,1621787614
330,i_prec_width_ff_neg_ljzp_ignoreflag,1621964674,1621787614
331,i_prec_width_ff_zero_ljzp_ignoreflag,1621964674,1621787614
332,i_prec_width_nf_pos_ljzp_ignoreflag,1621964674,1621787614
333,i_prec_width_nf_neg_ljzp_ignoreflag,1621964674,1621787614
334,i_prec_width_fn_pos_ljzp_ignoreflag,1621964674,1621787614
335,i_prec_width_fn_neg_ljzp_ignoreflag,1621964674,1621787614
336,i_prec_width_nn_pos_ljzp_ignoreflag,1621964674,1621787614
337,i_prec_width_nn_neg_ljzp_ignoreflag,1621964674,1621787614
338,i_prec0val0_basic,1621964674,1621787669
339,i_prec0val0_implicit,1621964674,1621787669
340,i_prec0val0_w,1621964674,1621787759
341,i_prec0val0_w_impl,1621964674,1621787759
342,i_prec0val0_wlj,1621964674,1621787904
343,i_prec0val0_wlj_impl,1621964674,1621787904
344,u_basic_pos,1621964674,1621874476
345,u_basic_zero,1621964674,1621874476
346,u_basic_onlypos,1621964674,1621874476
347,u_uintmax,1621964674,1621874476
348,u_width_pos_fits,1621964674,1621874476
349,u_width_zero_fits,1621964674,1621874476
350,u_width_pos_exactfit,1621964674,1621874476
351,u_width_pos_nofit,1621964674,1621874476
352,u_width_pos_fits_lj,1621964674,1621874476
353,u_width_zero_fits_lj,1621964674,1621874476
354,u_width_pos_exactfit_lj,1621964674,1621874476
355,u_width_pos_nofit_lj,1621964674,1621874476
356,u_prec_fits_pos,1621964674,1621874594
357,u_prec_fits_zero,1621964674,1621874594
358,u_prec_exactfit_pos,1621964674,1621874594
359,u_prec_nofit_pos,1621964674,1621874476
360,u_zp_pos_fits,1621964674,1621874476
361,u_zp_zero_fits,1621964674,1621874476
362,u_zp_pos_exactfit,1621964674,1621874476
363,u_prec_width_fit_fit_pos,1621964674,1621874594
364,u_prec_width_fit_fit_zero,1621964674,1621874594
365,u_prec_width_nofit_fit_pos,1621964674,1621874476
366,u_prec_width_fit_nofit_pos,1621964674,1621874594
367,u_prec_width_nofit_nofit_pos,1621964674,1621874476
368,u_prec_width_fit_fit_pos_lj,1621964674,1621874594
369,u_prec_width_fit_fit_zero_lj,1621964674,1621874594
370,u_prec_width_nofit_fit_pos_lj,1621964674,1621874476
371,u_prec_width_fit_nofit_pos_lj,1621964674,1621874594
372,u_prec_width_nofit_nofit_pos_lj,1621964674,1621874476
373,u_prec_width_ff_pos_zp,1621964674,1621874594
374,u_prec_width_ff_zero_zp,1621964674,1621874594
375,u_prec_width_nf_pos_zp,1621964674,1621874476
376,u_prec_width_fn_pos_zp,1621964674,1621874594
377,u_prec_width_nn_pos_zp,1621964674,1621874476
378,u_prec_width_ff_pos_ljzp_ignoreflag,1621964674,1621874594
379,u_prec_width_ff_zero_ljzp_ignoreflag,1621964674,1621874594
380,u_prec_width_nf_pos_ljzp_ignoreflag,1621964674,1621874476
381,u_prec_width_fn_pos_ljzp_ignoreflag,1621964674,1621874594
382,u_prec_width_nn_pos_ljzp_ignoreflag,1621964674,1621874476
383,u_prec0val0_basic,1621964674,1621870837
384,u_prec0val0_implicit,1621964674,1621870837
385,u_prec0val0_w,1621964674,1621874594
386,u_prec0val0_w_impl,1621964674,1621874594
387,u_prec0val0_wlj,1621964674,1621874594
388,u_prec0val0_wlj_impl,1621964674,1621874594
389,x_basic_pos,1621964674,1621875835
390,x_basic_zero,1621964674,1621875835
391,x_basic_onlypos,1621964674,1621875835
392,x_hexlmax,1621964674,1621875835
393,x_width_pos_fits,1621964674,1621875835
394,x_width_zero_fits,1621964674,1621875835
395,x_width_pos_exactfit,1621964674,1621875835
396,x_width_pos_nofit,1621964674,1621875835
397,x_width_pos_fits_lj,1621964674,1621875835
398,x_width_zero_fits_lj,1621964674,1621875835
399,x_width_pos_exactfit_lj,1621964674,1621875835
400,x_width_pos_nofit_lj,1621964674,1621875835
401,x_prec_fits_pos,1621964674,1621875835
402,x_prec_fits_zero,1621964674,1621875835
403,x_prec_exactfit_pos,1621964674,1621875835
404,x_prec_nofit_pos,1621964674,1621875835
405,x_zp_pos_fits,1621964674,1621875835
406,x_zp_zero_fits,1621964674,1621875835
407,x_zp_pos_exactfit,1621964674,1621875835
408,x_prec_width_fit_fit_pos,1621964674,1621883042
409,x_prec_width_fit_fit_zero,1621964674,1621883042
410,x_prec_width_nofit_fit_pos,1621964674,1621875835
411,x_prec_width_fit_nofit_pos,1621964674,1621875835
412,x_prec_width_nofit_nofit_pos,1621964674,1621875835
413,x_prec_width_fit_fit_pos_lj,1621964674,1621883042
414,x_prec_width_fit_fit_zero_lj,1621964674,1621883042
415,x_prec_width_nofit_fit_pos_lj,1621964674,1621875835
416,x_prec_width_fit_nofit_pos_lj,1621964674,1621875835
417,x_prec_width_nofit_nofit_pos_lj,1621964674,1621875835
418,x_prec_width_ff_pos_zp,1621964674,1621883042
419,x_prec_width_ff_zero_zp,1621964674,1621883042
420,x_prec_width_nf_pos_zp,1621964674,1621875835
421,x_prec_width_fn_pos_zp,1621964674,1621875835
422,x_prec_width_nn_pos_zp,1621964674,1621875835
423,x_prec_width_ff_pos_ljzp_ignoreflag,1621964674,1621883042
424,x_prec_width_ff_zero_ljzp_ignoreflag,1621964674,1621883042
425,x_prec_width_nf_pos_ljzp_ignoreflag,1621964674,1621875835
426,x_prec_width_fn_pos_ljzp_ignoreflag,1621964674,1621875835
427,x_prec_width_nn_pos_ljzp_ignoreflag,1621964674,1621875835
428,x_prec0val0_basic,1621964674,0
429,x_prec0val0_implicit,1621964674,0
430,x_prec0val0_w,1621964674,1621883042
431,x_prec0val0_w_impl,1621964674,1621883042
432,x_prec0val0_wlj,1621964674,1621883042
433,x_prec0val0_wlj_impl,1621964674,1621883042
434,X_basic_hexu_pos,1621964674,0
435,X_basic_hexu_zero,1621964674,0
436,X_basic_hexu_onlypos,1621964674,0
437,X_hexumax,1621964674,0
438,X_width_pos_fits,1621964674,0
439,X_width_zero_fits,1621964674,0
440,X_width_pos_exactfit,1621964674,0
441,X_width_pos_nofit,1621964674,0
442,X_width_pos_fits_lj,1621964674,0
443,X_width_zero_fits_lj,1621964674,0
444,X_width_pos_exactfit_lj,1621964674,0
445,X_width_pos_nofit_lj,1621964674,0
446,X_prec_fits_pos,1621964674,0
447,X_prec_fits_zero,1621964674,0
448,X_prec_exactfit_pos,1621964674,0
449,X_prec_nofit_pos,1621964674,0
450,X_zp_pos_fits,1621964674,0
451,X_zp_zero_fits,1621964674,0
452,X_zp_pos_exactfit,1621964674,0
453,X_prec_width_fit_fit_pos,1621964674,0
454,X_prec_width_fit_fit_zero,1621964674,0
455,X_prec_width_nofit_fit_pos,1621964674,0
456,X_prec_width_fit_nofit_pos,1621964674,0
457,X_prec_width_nofit_nofit_pos,1621964674,0
458,X_prec_width_fit_fit_pos_lj,1621964674,0
459,X_prec_width_fit_fit_zero_lj,1621964674,0
460,X_prec_width_nofit_fit_pos_lj,1621964674,0
461,X_prec_width_fit_nofit_pos_lj,1621964674,0
462,X_prec_width_nofit_nofit_pos_lj,1621964674,0
463,X_prec_width_ff_pos_zp,1621964674,0
464,X_prec_width_ff_zero_zp,1621964674,0
465,X_prec_width_nf_pos_zp,1621964674,0
466,X_prec_width_fn_pos_zp,1621964674,0
467,X_prec_width_nn_pos_zp,1621964674,0
468,X_prec_width_ff_pos_ljzp_ignoreflag,1621964674,0
469,X_prec_width_ff_zero_ljzp_ignoreflag,1621964674,0
470,X_prec_width_nf_pos_ljzp_ignoreflag,1621964674,0
471,X_prec_width_fn_pos_ljzp_ignoreflag,1621964674,0
472,X_prec_width_nn_pos_ljzp_ignoreflag,1621964674,0
473,X_prec0val0_basic,1621964674,0
474,X_prec0val0_implicit,1621964674,0
475,X_prec0val0_w,1621964674,0
476,X_prec0val0_w_impl,1621964674,0
477,X_prec0val0_wlj,1621964674,0
478,X_prec0val0_wlj_impl,1621964674,0
479,new2019_star_1,1621964674,0
480,new2019_star_2,1621964674,0
481,new2019_star_3,1621964674,0
482,new2019_star_4,1621964674,0
483,new2019_star_5,1621964674,0
484,new2019_star_6,1621964674,0
485,new2019_star_7,1621964674,0
486,new2019_star_8,1621964674,0
487,new2019_star_9,1621964674,0
488,new2019_star_10,1621964674,0
489,new2019_negstar_1,1621964674,0
490,new2019_negstar_2,1621964674,0
491,new2019_negstar_3,1621964674,0
492,new2019_negstar_4,1621964674,0
493,new2019_negstar_5,1621964674,0
494,new2019_negstar_6,1621964674,0
495,new2019_negstar_7,1621964674,0
496,new2019_negstar_8,1621964674,0
497,new2019_negstar_9,1621964674,0
548,moul_c_1,1621964674,0
549,moul_c_2,1621964674,0
550,moul_c_3,1621964674,0
551,moul_c_4,1621964674,0
552,moul_c_5,1621964674,0
553,moul_c_5b,1621964674,0
554,moul_c_6,1621964674,0
555,moul_c_7,1621964674,0
556,moul_c_8,1621964674,0
557,moul_c_9,1621964674,0
558,moul_c_10,1621964674,0
559,moul_c_11,1621964674,0
560,moul_c_12,1621964674,0
561,moul_c_13,1621964674,0
562,moul_c_14,1621964674,0
563,moul_c_15,1621964674,0
564,moul_c_16,1621964674,0
565,moul_c_17,1621964674,0
566,moul_c_18,1621964674,0
567,moul_c_19,1621964674,0
568,moul_c_20,1621964674,0
569,moul_c_21,1621964674,0
570,moul_c_22,1621964674,0
571,moul_c_23,1621964674,0
572,moul_c_24,1621964674,0
573,moul_c_25,1621964674,0
574,moul_c_26,1621964674,0
575,moul_c_27,1621964674,0
576,moul_c_28,1621964674,0
577,moul_s_1,1621964674,0
578,moul_s_2,1621964674,0
579,moul_s_3,1621964674,0
580,moul_s_4,1621964674,1621963929
581,moul_s_5_this_ones_a_doozy,1621964674,0
582,moul_d_1,1621964674,0
583,moul_d_2,1621964674,0
584,moul_d_3,1621964674,0
585,moul_d_4,1621964674,0
586,moul_d_5,1621964674,0
587,moul_d_6,1621964674,0
588,moul_d_7,1621964674,0
589,moul_d_8,1621964674,0
590,moul_d_9,1621964674,0
591,moul_d_10,1621964674,0
592,moul_d_11,1621964674,0
593,moul_d_12,1621964674,0
594,moul_mix_1,1621964674,0
595,moul_i_1,1621964674,0
596,moul_i_2,1621964674,0
597,moul_i_3,1621964674,0
598,moul_i_4,1621964674,0
599,moul_i_5,1621964674,0
600,moul_i_6,1621964674,0
601,moul_i_7,1621964674,0
602,moul_i_8,1621964674,0
603,moul_i_9,1621964674,0
604,moul_i_10,1621964674,0
605,moul_i_11,1621964674,0
606,moul_i_12,1621964674,0
607,moul_u_1,1621964674,0
608,moul_u_2,1621964674,0
609,moul_u_3,1621964674,0
610,moul_u_4,1621964674,0
611,moul_u_5,1621964674,0
612,moul_u_6,1621964674,0
613,moul_u_7,1621964674,0
614,moul_u_8,1621964674,0
615,moul_u_9,1621964674,0
616,moul_u_10,1621964674,0
617,moul_u_11,1621964674,0
618,moul_u_12,1621964674,0
619,moul_x_1,1621964674,0
620,moul_x_2,1621964674,0
621,moul_x_3,1621964674,0
622,moul_x_4,1621964674,0
623,moul_x_5,1621964674,0
624,moul_x_6,1621964674,0
625,moul_x_7,1621964674,0
626,moul_x_8,1621964674,0
627,moul_x_9,1621964674,0
628,moul_x_10,1621964674,0
629,moul_x_11,1621964674,0
630,moul_x_12,1621964674,0
631,moul_prec_1,1621964674,0
632,moul_prec_3,1621964674,0
633,moul_prec_4,1621964674,0
634,moul_prec_5,1621964674,0
635,moul_zeropad_1,1621964674,0
636,moul_zeropad_2,1621964674,0
637,moul_zeropad_3,1621964674,0
638,moul_zeropad_4,1621964674,0
639,moul_leftjusty_1,1621964674,0
640,moul_leftjusty_2,1621964674,0
641,moul_leftjusty_3,1621964674,0
642,moul_leftjusty_4,1621964674,0
643,moul_leftjusty_5,1621964674,0
644,moul_leftjusty_6,1621964674,0
645,moul_leftjusty_7,1621964674,0
646,moul_star_1,1621964674,0
647,moul_star_2,1621964674,0
648,moul_star_3,1621964674,0
649,moul_star_4,1621964674,0
650,moul_star_5,1621964674,0
651,mix_test_0,1621964674,0
652,mix_test_1,1621964674,0
653,mix_test_2,1621964674,0
654,mix_test_3,1621964674,0
655,mix_test_4,1621964674,0
656,mix_test_5,1621964674,0
657,mix_test_6,1621964674,0
658,mix_test_7,1621964674,0
659,mix_test_8,1621964674,0
660,mix_test_9,1621964674,0
661,mix_test_10,1621964674,0
662,mix_test_11,1621964674,0
663,mix_test_12,1621964674,0
664,mix_test_13,1621964674,0
665,mix_test_14,1621964674,0
666,mix_test_15,1621964674,0
667,mix_test_16,1621964674,0
668,mix_test_17,1621964674,0
669,mix_test_18,1621964674,0
670,mix_test_19,1621964674,0
671,mix_test_20,1621964674,0
672,mix_test_21,1621964674,0
673,mix_test_22,1621964674,0
674,mix_test_23,1621964674,0
675,mix_test_24,1621964674,0
676,mix_test_25,1621964674,0
677,mix_test_26,1621964674,0
678,mix_test_27,1621964674,0
679,mix_test_28,1621964674,0
680,mix_test_29,1621964674,0
681,mix_test_30,1621964674,0
682,mix_test_31,1621964674,0
683,mix_test_32,1621964674,0
684,mix_test_33,1621964674,0
685,mix_test_34,1621964674,0
686,mix_test_35,1621964674,0
687,mix_test_36,1621964674,0
688,mix_test_37,1621964674,0
689,mix_test_38,1621964674,0
690,mix_test_39,1621964674,0
691,mix_test_40,1621964674,0
692,mix_test_41,1621964674,0
693,mix_test_42,1621964674,0
694,mix_test_43,1621964674,0
695,mix_test_44,1621964674,0
696,mix_test_45,1621964674,0
697,mix_test_46,1621964674,0
698,mix_test_47,1621964674,0
699,mix_test_48,1621964674,0
700,mix_test_49,1621964674,0
701,mix_test_50,1621964674,0
702,mix_test_51,1621964674,0
703,mix_test_52,1621964674,0
704,mix_test_53,1621964674,0
705,mix_test_54,1621964674,0
706,mix_test_55,1621964674,0
707,mix_test_56,1621964674,0
708,mix_test_57,1621964674,0
709,mix_test_58,1621964674,0
710,mix_test_59,1621964674,0
711,mix_test_60,1621964674,0
712,mix_test_61,1621964674,0
713,mix_test_62,1621964674,0
714,mix_test_63,1621964674,0
715,mix_test_64,1621964674,0
716,mix_test_65,1621964674,0
717,mix_test_66,1621964674,0
718,mix_test_67,1621964674,0
719,mix_test_68,1621964674,0
720,mix_test_69,1621964674,0
721,mix_test_70,1621964674,0
722,mix_test_71,1621964674,0
723,mix_test_72,1621964674,0
724,mix_test_73,1621964674,0
725,mix_test_74,1621964674,0
726,mix_test_75,1621964674,0
727,mix_test_76,1621964674,0
728,mix_test_77,1621964674,0
729,mix_test_78,1621964674,0
730,mix_test_79,1621964674,0
731,mix_test_80,1621964674,0
732,mix_test_81,1621964674,0
733,mix_test_82,1621964674,0
734,mix_test_83,1621964674,0
735,mix_test_84,1621964674,0
736,mix_test_85,1621964674,0
737,mix_test_86,1621964674,0
738,mix_test_87,1621964674,0
739,mix_test_88,1621964674,0
740,mix_test_89,1621964674,0
741,mix_test_90,1621964674,0
742,mix_test_91,1621964674,0
743,mix_test_92,1621964674,0
744,mix_test_93,1621964674,0
745,mix_test_94,1621964674,0
746,mix_test_95,1621964674,0
747,mix_test_96,1621964674,0
748,mix_test_97,1621964674,0
749,mix_test_98,1621964674,0
750,mix_test_99,1621964674,0
751,mix_successive_0,1621964674,0
752,mix_successive_4,1621964674,0
753,mix_successive_6,1621964674,0
754,mix_successive_10,1621964674,0
755,mix_successive_16,1621964674,0
756,mix_successive_20,1621964674,0
757,mix_successive_21,1621964674,0
758,mix_successive_28,1621964674,0
759,mix_successive_30,1621964674,0
760,mix_successive_31,1621964674,0
761,mix_successive_32,1621964674,0
762,mix_successive_39,1621964674,0
763,mix_successive_40,1621964674,0
764,mix_successive_42,1621964674,0
765,mix_successive_43,1621964674,0
766,mix_successive_45,1621964674,0
767,mix_successive_46,1621964674,0
768,mix_successive_61,1621964674,0
769,mix_successive_64,1621964674,0
4186,d_neg_prec_star_01,1621964674,1621784170
4187,d_neg_prec_star_02,1621964674,1621784170
4188,d_neg_prec_star_03,1621964674,1621784054
4189,u_neg_prec_star_01,1621964674,1621874476
4190,u_neg_prec_star_02,1621964674,1621874476
4191,u_neg_prec_star_03,1621964674,1621874476
4192,notintsubject_o_neg_prec_star_01,0,1621964674
4193,notintsubject_o_neg_prec_star_02,0,1621964674
4194,notintsubject_o_neg_prec_star_03,0,1621964674
4195,x_neg_prec_star_01,1621964674,1621875835
4196,x_neg_prec_star_02,1621964674,1621875835
4197,x_neg_prec_star_03,1621964674,1621875835
4198,X_neg_prec_star_01,1621964674,0
4199,X_neg_prec_star_02,1621964674,0
4200,X_neg_prec_star_03,1621964674,0
4201,s_neg_prec_star_01,1621964674,1621963929
4202,s_neg_prec_star_02,1621964674,1621963929
4203,p_neg_prec_star_01,1621964674,1621887629
4204,p_neg_prec_star_02,1621964674,1621887629
4205,p_neg_prec_star_03,1621964674,1621885226
4206,p_neg_prec_star_04,1621964674,1621885226
